Name,Education,Awards
Atta ur Rehman Khan,"['University of Malaya', 'COMSATS University']",0
Wil van der Aalst,['Eindhoven University of Technology'],0
Scott Aaronson,"['Cornell University', 'University of California Berkeley']",4
Rediet Abebe,"['Cornell University', 'University of Cambridge', 'Harvard University']",0
Hal Abelson,"['Princeton University', 'Massachusetts Institute of Technology']",1
Serge Abiteboul,['University of Southern California'],6
Samson Abramsky,"[""King's College Cambridge"", 'Queen Mary University of London']",4
Leonard Adleman,['University of California Berkeley'],1
Manindra Agrawal,['Indian Institute of Technology Kanpur'],8
Luis von Ahn,"['Duke University', 'BS', 'Carnegie Mellon University']",3
Alfred Aho,"['University of Toronto', 'Princeton University']",5
Frances E. Allen,"['University at Albany', 'University of Michigan']",6
Gene Amdahl,"['South Dakota State University', 'BS', 'University of Wisconsin', 'MS', 'PhD']",2
David P. Anderson,"['Wesleyan University', 'University of Wisconsin-Madison']",1
Lisa Anthony,"['Drexel University', 'Carnegie Mellon University']",0
Andrew Appel,['Carnegie Mellon University'],0
Cecilia R. Aragon,"['California Institute of Technology', 'University of California Berkeley']",1
Bruce Arden,['Purdue University'],0
Angie Jones,"['Tennessee State University', 'North Carolina State University']",0
Sanjeev Arora,"['SB', 'Massachusetts Institute of Technology', 'PhD', 'UC Berkeley']",0
Winifred Asprey,"['Vassar College', 'University of Iowa']",0
John Vincent Atanasoff,"['University of Florida', 'Iowa State University', 'University of Wisconsin–Madison']",1
Shakuntala Atre,"['Savitribai Phule Pune University', 'Heidelberg University']",0
Charles Babbage,['Peterhouse Cambridge'],1
Charles Bachman,"['University of Pennsylvania', 'Michigan State University']",3
Roland Carl Backhouse,"['Alumni of Churchill College Cambridge', 'Alumni of Imperial College London']",0
John Backus,"['University of Virginia', 'University of Pittsburgh', 'Haverford College', 'Columbia University']",3
David F. Bacon,['U.C. Berkeley'],1
David Bader ,"['Lehigh University', 'University of Maryland College Park']",6
Victor Bahl,"['University of Massachusetts Amherst', 'Modern School New Delhi']",0
Anthony James Barr,['North Carolina State University'],0
Jean Bartik,"['Northwest Missouri State Teachers College', 'University of Pennsylvania']",2
Andrew Barto,['University of Michigan'],2
Friedrich L. Bauer,['Ludwig Maximilian University of Munich'],3
Rudolf Bayer,['University of Illinois at Urbana–Champaign'],2
Gordon Bell,['MIT'],3
Steven M. Bellovin,['Columbia University'],0
Cecilia Berdichevsky,['University of Buenos Aires'],0
Tim Berners-Lee,"[""Alumni of The Queen's College Oxford""]",5
Daniel J. Bernstein,"['University of California Berkeley', 'New York University']",0
Peter Bernus,['Budapest University of Technology and Economics'],0
Abhay Bhushan,"['Indian Institute of Technology Kanpur', 'Massachusetts Institute of Technology', 'MIT Sloan School of Management']",0
Dines Bjørner,['Technical University of Denmark'],2
Gerrit Blaauw,['Harvard University'],0
Sue Black ,['London South Bank University'],0
David Blei,"['Brown University', 'University of California Berkeley']",2
Dorothy Blum,['Brooklyn College'],0
Lenore Blum,"['Simmons College', 'Massachusetts Institute of Technology']",3
Manuel Blum,"['Massachusetts Institute of Technology', 'BA', 'MA', 'PhD']",1
Barry Boehm,"['Harvard College', 'Harvard University', 'University of California Los Angeles']",0
Corrado Böhm,['ETH Zürich'],0
Grady Booch,"['United States Air Force Academy', 'University of California Santa Barbara']",2
Andrew Donald Booth,['Jesus College'],0
Kathleen Booth,['University of London'],0
Anita Borg,['New York University'],0
Bert Bos,['University of Groningen'],0
Jonathan Bowen,"['University College', 'Oxford']",1
Stephen R. Bourne,"[""Alumni of King's College London"", 'Alumni of Trinity College Cambridge']",3
Harry Bouwman,"['Vrije Universiteit Amsterdam', 'Radboud University Nijmegen']",0
Robert S. Boyer,['Alumni of the University of Edinburgh'],0
Karlheinz Brandenburg,['University of Erlangen-Nuremberg'],1
Gilles Brassard,"['Université de Montréal', 'Cornell University College of Engineering']",3
Lawrence M. Breed,['Stanford University'],1
Jack E. Bresenham,"['Stanford University', 'University of New Mexico']",0
Sergey Brin,"['Stanford University School of Engineering', 'University of Maryland College Park']",0
David J. Brown ,"['Pennsylvania School of Engineering and Applied Science', ""St John's College Cambridge""]",0
Per Brinch Hansen,['Technical University of Denmark'],1
Sjaak Brinkkemper,['Radboud University Nijmegen'],0
Fred Brooks,"['Duke University', 'Harvard University']",5
Rod Brooks,"['Stanford University', 'Flinders University']",1
Margaret Burnett,"['Miami University', 'University of Kansas']",0
Michael Butler ,"['Trinity College Dublin', 'Wolfson College', 'Oxford']",0
Pino Caballero Gil,['University of La Laguna'],0
Tracy Camp,"['The College of William and Mary', 'Michigan State University', 'Kalamazoo College']",1
Martin Campbell-Kelly,['Sunderland Polytechnic'],0
Rosemary Candlin,['University of Cambridge'],0
Rod Canion,['University of Houston'],0
Bryan Cantrill,['Brown University'],0
Luca Cardelli,"['University of Pisa', 'University of Edinburgh']",2
John Carmack,['University of Missouri–Kansas City'],0
Edwin Catmull,['University of Utah'],4
Vint Cerf,"['Stanford University', 'BS', 'University of California Los Angeles', 'MS', 'PhD']",12
Gregory Chaitin,"['The Bronx High School of Science', 'City College of New York']",0
Robert Cailliau,"['Ghent University', 'University of Michigan']",0
Zhou Chaochen,"['Peking University', 'Chinese Academy of Sciences']",2
Peter Chen,"['National Taiwan University', 'Harvard University']",4
Leonardo Chiariglione,['University of Tokyo'],0
Tracy Chou,"['Stanford University', 'B.S.', 'M.S.']",0
Alonzo Church,"['Princeton University', 'BS', 'PhD']",0
Alberto Ciaramella,['Sapienza University of Rome'],0
Edmund M. Clarke,['Cornell University'],1
John Cocke ,['Duke University'],6
Edgar F. Codd,"['Exeter College Oxford', 'University of Michigan']",1
Jacques Cohen ,['Grenoble Alpes University'],0
Simon Colton,"['Durham University', 'University of Liverpool', 'University of Edinburgh']",0
Alain Colmerauer,['Grenoble Institute of Technology'],0
Douglas Comer,"['Houghton University', 'Penn State College of Engineering']",0
Richard W. Conway,['Cornell University'],2
Stephen Cook,"['Harvard University', 'University of Michigan']",9
James Cooley,"['Manhattan College', 'Columbia School of Engineering and Applied Science']",0
Danese Cooper,['University of California Los Angeles'],0
Fernando J. Corbató,"['California Institute of Technology', 'Massachusetts Institute of Technology']",2
Patrick Cousot,['École Nationale Supérieure des Mines de Nancy'],10
Ingemar Cox,"['University College London', 'Oxford University']",0
Seymour Cray,['University of Minnesota'],0
Nello Cristianini,"['University of Trieste', 'University of London', 'University of Bristol']",2
Jon Crowcroft,"['University of Cambridge', 'University College London']",2
Glen Culler,"['University of California Berkeley', 'University of California Los Angeles']",3
Haskell Curry,"['Harvard University', 'University of Göttingen']",0
Luigi Dadda,['Politecnico di Milano'],0
Ole-Johan Dahl,['University of Oslo'],2
Samir Das,"['Georgia Tech', 'Indian Institute of Science', 'Jadavpur University']",0
Neil Daswani,"['Stanford University', 'Columbia University']",0
Christopher J. Date,['University of Cambridge'],0
Terry A. Davis,['Arizona State University'],0
Jeff Dean,"['University of Minnesota', 'University of Washington']",0
Erik Demaine,"['Dalhousie University', 'University of Waterloo']",3
Tom DeMarco,"['Cornell University', 'Columbia University', 'University of Paris']",1
Richard DeMillo,"['University of St. Thomas', 'Georgia Institute of Technology']",0
Dorothy E. Denning,"['University of Michigan', 'Purdue University']",2
Peter J. Denning,"['Massachusetts Institute of Technology', 'Manhattan College']",2
Michael Dertouzos,"['University of Arkansas', 'MIT School of Engineering']",0
Robert Dewar,['University of Chicago'],0
Vinod Dham,"['Delhi College of Engineering', 'Delhi Technological University', 'Delhi University', 'University of Cincinnati']",0
Jan Dietz,['Eindhoven University of Technology'],0
Whitfield Diffie,['Massachusetts Institute of Technology'],6
Edsger W. Dijkstra,['Leiden University'],5
Matthew Dillon,['University of California Berkeley'],0
Jack Dongarra,"['Chicago State University', 'BS', 'Illinois Institute of Technology', 'MS', 'University of New Mexico', 'PhD']",15
Paul Dourish,['Alumni of the University of Edinburgh'],0
Charles Stark Draper,"['Massachusetts Institute of Technology', 'Stanford University']",6
Susan Dumais,"['Indiana University', 'Bates College']",0
Adam Dunkels,['Luleå University of Technology'],0
Jon Michael Dunn,"['Oberlin College', 'University of Pittsburgh']",0
Peter Eades,['Australian National University'],0
Annie Easley,['Cleveland State University'],0
John Presper Eckert,['University of Pennsylvania'],4
Alan Edelman,"['MIT', 'Yale University']",3
Brendan Eich,"['University of Illinois Urbana-Champaign', 'Santa Clara University']",0
Philip Emeagwali,"['George Washington University School of Engineering and Applied Science', 'Oregon State University']",0
E. Allen Emerson,"['University of Texas at Austin College of Natural Sciences', 'Harvard University']",2
Douglas Engelbart,"['Oregon State University', 'University of California Berkeley']",7
Barbara Engelhardt,"['Stanford University', 'University of California Berkeley']",1
David Eppstein,"['Stanford University', 'Columbia University']",0
Andrey Ershov,['Moscow State University'],0
Philip Don Estridge,['University of Florida'],0
Oren Etzioni,"['Harvard University', 'Carnegie Mellon University']",1
Christopher Riche Evans,"['University College London', 'University of Reading']",0
David C. Evans,['University of Utah'],1
Shimon Even,['Harvard University'],0
Scott Fahlman,['MIT School of Engineering'],2
Edward Feigenbaum,['Carnegie Mellon University'],4
Edward Felten,"['California Institute of Technology', 'University of Washington College of Engineering']",1
Tim Finin,"['MIT School of Engineering', 'Grainger College of Engineering']",2
Raphael Finkel,"['University of Chicago', 'Stanford University']",0
Donald Firesmith,['Arizona State University'],0
Tommy Flowers,['Alumni of the University of London'],0
Robert W. Floyd,['University of Chicago'],2
Sally Floyd,['University of California Berkeley'],0
Lawrence J. Fogel,"['Rutgers University', 'UCLA Henry Samueli School of Engineering and Applied Science', 'Polytechnic Institute of New York University']",0
James D. Foley,"['University of Michigan', 'Lehigh University']",6
Ken Forbus,['Massachusetts Institute of Technology'],0
"L. R. Ford, Jr.","['University of Chicago', 'University of Illinois Urbana-Champaign']",0
Lance Fortnow,"['Cornell University', 'Massachusetts Institute of Technology']",4
Mahmoud Samir Fayed,"['Menoufia University', 'King Saud University']",0
Martin Fowler ,['Alumni of University College London'],0
Robert France,"['University of the West Indies', 'Trinidad and Tobago', 'Massey University', 'New Zealand']",1
Edward Fredkin,['California Institute of Technology'],1
Yoav Freund,"['The Hebrew University of Jerusalem', 'University of California Santa Cruz']",1
Daniel P. Friedman,['University of Houston'],0
Charlotte Froese Fischer,"['University of British Columbia', 'University of Cambridge']",7
Ping Fu,['University of California San Diego'],0
Kunihiko Fukushima,['Kyoto University'],0
D. R. Fulkerson,"['Southern Illinois University', 'University of Wisconsin–Madison']",2
Richard P. Gabriel,"['Massachusetts Institute of Technology School of Science', 'University of Illinois', 'Stanford University School of Engineering', 'Northeastern University']",2
Zvi Galil,"['Tel Aviv University', 'BSc', 'MSc', 'Cornell University', 'PhD']",3
Bernard Galler,"['University of Chicago', 'University of California Los Angeles']",0
Hector Garcia-Molina,"['Monterrey Institute of Technology and Higher Education', 'Stanford University School of Engineering']",1
Michael Garey,['University of Wisconsin–Madison'],0
Bill Gates,"['Harvard College', 'Lakeside School (Seattle)']",4
David Gelernter,"['Yale University', 'BA', 'State University of New York at Stony Brook', 'PhD']",1
Lisa Gelobter,['Brown University'],0
Charles Geschke,"['Carnegie Mellon University', 'Saint Ignatius High School (Cleveland)', 'Xavier University']",3
Zoubin Ghahramani,"['University of Pennsylvania', 'Massachusetts Institute of Technology']",1
Sanjay Ghemawat,"['Cornell University', 'Massachusetts Institute of Technology']",1
Jeremy Gibbons,"['Alumni of the University of Oxford', 'Alumni of the University of Edinburgh']",0
Juan E. Gilbert,"['Miami University', 'University of Cincinnati']",0
Lee Giles,"['Rhodes College', 'University of Tennessee', 'University of Michigan', 'University of Arizona']",7
Seymour Ginsburg,"['City College of New York', 'University of Michigan']",0
Kurt Gödel,"['University of Vienna', 'PhD']",3
Ashok Goel,['Ohio State University'],2
Joseph Goguen,"['Harvard University', 'University of California Berkeley']",0
E. Mark Gold,"['California Institute of Technology', 'Princeton University', 'University of California Los Angeles']",0
Adele Goldberg ,"['University of Michigan', 'University of Chicago']",0
Andrew V. Goldberg,"['Massachusetts Institute of Technology', 'University of California Berkeley']",1
Ian Goldberg,"['University of California Berkeley', 'University of Waterloo']",0
Judy Goldsmith ,"['Princeton University', 'University of Wisconsin–Madison College of Letters and Science']",0
Oded Goldreich,"['Technion', 'Weizmann Institute']",1
Shafi Goldwasser,"['Carnegie Mellon University', 'University of California Berkeley']",11
Gene Golub,['University of Illinois at Urbana-Champaign'],0
Martin Charles Golumbic,"['Pennsylvania State University', 'Columbia University']",0
Gastón Gonnet,['University of Waterloo'],0
Ian Goodfellow,"['Stanford University', 'Université de Montréal']",0
James Gosling,"['University of Calgary', 'BSc', 'Carnegie Mellon University', 'MA', 'PhD']",2
Paul Graham ,"['Cornell University', 'Harvard University']",0
Robert M. Graham ,['University of Michigan'],0
Susan L. Graham,"['Harvard', 'Stanford']",5
Jim Gray ,['University of California Berkeley'],2
Sheila Greibach,"['Radcliffe College', 'Harvard University']",0
David Gries,['Technical University of Munich'],5
Ralph Griswold,['Stanford University'],0
Bill Gropp,['Stanford University'],2
Ramanathan V. Guha,"['Indian Institute of Technology Madras', 'University of California Berkeley', 'Stanford University']",0
Neil J. Gunther,"['La Trobe University', 'University of Southampton']",0
Michael Guy,['Alumni of Gonville and Caius College Cambridge'],0
Eldon C. Hall,"['Eastern Nazarene College', 'Harvard University', 'Boston University']",0
Wendy Hall,"['University of Southampton', 'City University London']",1
Joseph Halpern,"['University of Toronto', 'Harvard University']",3
Margaret Hamilton ,"['Earlham College', 'University of Michigan College of Literature Science and the Arts']",1
Richard Hamming,"['University of Chicago', 'University of Nebraska', 'University of Illinois at Urbana–Champaign']",4
Jiawei Han,"['University of Wisconsin - Madison', 'PhD', 'University of Science and Technology of China', 'BSc.']",0
Frank Harary,"['Brooklyn College', 'University of California Berkeley']",0
Juris Hartmanis,"['University of Marburg', 'University of Kansas City', 'Caltech']",1
Johan Håstad,"['Massachusetts Institute of Technology', 'Uppsala University', 'Stockholm University']",4
Les Hatton,"[""King's College Cambridge""]",1
Igor Hawryszkiewycz,['MIT School of Engineering'],0
He Jifeng,['Fudan University'],0
Eric Hehner,"['Carleton University', 'University of Toronto']",0
Martin Hellman,"['New York University', 'Stanford University']",9
James Hendler,"['Yale University', 'Southern Methodist University', 'Brown University']",0
John L. Hennessy,"['Villanova University', 'Stony Brook University']",0
Andrew Herbert,"['Alumni of the University of Leeds', ""Alumni of St John's College Cambridge""]",0
Carl Hewitt,['MIT'],0
Danny Hillis,['Massachusetts Institute of Technology'],2
Geoffrey Hinton,['Alumni of the University of Edinburgh'],9
Julia Hirschberg,"['University of Pennsylvania', 'University of Michigan']",9
C. A. R. Hoare,"['Alumni of Merton College Oxford', 'Moscow State University']",7
Louis Hodes,['Massachusetts Institute of Technology'],0
John Henry Holland,['University of Michigan'],2
Herman Hollerith,"['City College of New York', 'Columbia School of Mines']",3
Gerard Holzmann,['Delft University of Technology'],1
John Hopcroft,"['Seattle University', 'Stanford University']",8
Grace Hopper,"['Vassar College', 'BA', 'Yale University', 'MS', 'PhD']",10
Alston Householder,['University of Chicago'],0
Paul Hudak,"['Vanderbilt University', 'Massachusetts Institute of Technology', 'University of Utah']",3
David A. Huffman,"['Ohio State University', 'Massachusetts Institute of Technology']",1
Roger Hui,"['University of Alberta', 'University of Toronto']",1
Watts Humphrey,"['University of Chicago Booth School of Business', 'Illinois Institute of Technology']",1
Sandra Hutchins,['University of California San Diego'],0
Roberto Ierusalimschy,['Pontifical Catholic University of Rio de Janeiro'],0
Dan Ingalls,"['Harvard University', 'Stanford University School of Engineering']",3
Mary Jane Irwin,"['University of Illinois at Urbana-Champaign', 'Memphis State University']",3
Kenneth E. Iverson,"[""Queen's University"", 'Harvard University']",4
Ivar Jacobson,"['Chalmers Institute of Technology', 'Gothenburg', 'Royal Institute of Technology', 'Stockholm']",0
Anil K. Jain ,"['IIT Kanpur', 'Ohio State University']",12
Ramesh Jain,"['Indian Institute of Technology Kharagpur', 'Visvesvaraya National Institute of Technology Nagpur']",0
David S. Johnson,"['Amherst College', 'MIT']",2
Stephen C. Johnson,"['Columbia University', 'Haverford College']",0
Cliff Jones ,['University of Oxford'],0
Michael I. Jordan,['University of California San Diego'],5
Mathai Joseph,"['Wilson College Mumbai', 'University of Bombay', 'Welsh College of Advanced Technology', 'University of Cambridge']",0
Aravind K. Joshi,"['College of Engineering Pune', 'Indian Institute of Science', 'University of Pennsylvania']",0
Bill Joy,"['University of Michigan', 'University of California Berkeley']",4
Dan Jurafsky,['University of California at Berkeley'],1
William Kahan,['University of Toronto'],4
Robert E. Kahn,"['City College of New York', 'Princeton University']",11
Avinash Kak,"['University of Madras', 'Indian Institute of Technology Delhi']",0
David Karger,"['Harvard University', 'Stanford University']",0
Richard Karp,['Harvard University'],9
Narendra Karmarkar,"['IIT Bombay', 'Caltech', 'University of California Berkeley']",0
Ted Kaehler,"['Stanford University', 'Carnegie Mellon University', 'Gunn High School']",0
Alan Kay,"['University of Colorado Boulder', 'University of Utah']",3
Neeraj Kayal,['IIT Kanpur'],0
Manolis Kellis,['Massachusetts Institute of Technology'],4
John George Kemeny,"['George Washington Educational Campus', 'Princeton University']",0
Ken Kennedy ,"['Rice University', 'New York University']",0
Brian Kernighan,"['University of Toronto', 'BASc', 'Princeton University', 'PhD']",0
Gregor Kiczales,['Massachusetts Institute of Technology'],0
Peter T. Kirstein,"['University of Cambridge', 'Stanford University']",3
Stephen Cole Kleene,"['Amherst College', 'Princeton University']",2
Dan Klein,"['Cornell University', 'University of Oxford', 'Stanford University']",2
Leonard Kleinrock,"['City College of New York', 'MIT']",5
Donald Knuth,"['California Institute of Technology', 'Case Western Reserve University']",13
Andrew Koenig ,['Columbia University'],0
Daphne Koller,['Stanford University'],5
Michael Kölling,"['University of Bremen', 'University of Sydney']",3
Andrey Nikolaevich Kolmogorov,"['Moscow State University', 'Ph.D.']",7
Janet L. Kolodner,"['Brandeis University', 'Yale University']",1
David Korn ,"['Rensselaer Polytechnic Institute', 'Courant Institute of Mathematical Sciences']",0
Cornelis H. A. Koster,['University of Amsterdam'],0
Robert Kowalski,"['University of Chicago', 'University of Bridgeport', 'BA', 'Stanford University', 'MSc', 'University of Warsaw', 'University of Edinburgh', 'PhD']",1
John Koza,['University of Michigan'],0
John Krogstie,['Norwegian University of Science and Technology'],0
Joseph Kruskal,"['University of Chicago', 'Princeton University']",0
Maarja Kruusmaa,"['Tallinn University of Technology', 'Chalmers University of Technology']",0
Thomas E. Kurtz,"['Knox College (Illinois)', 'Princeton University']",0
Richard E. Ladner,"[""St. Mary's College of California"", 'University of California Berkeley']",5
Monica S. Lam,"['Carnegie Mellon University', 'University of British Columbia']",0
Leslie Lamport,"['Massachusetts Institute of Technology', 'BS', 'Brandeis University', 'MA', 'PhD']",6
Butler Lampson,"['Harvard University', 'University of California Berkeley']",6
Peter Landin,['Alumni of Clare College Cambridge'],0
Tom Lane ,['Carnegie Mellon University'],0
Chris Lattner,"['University of Portland', 'University of Illinois at Urbana-Champaign']",2
Steve Lawrence ,"['Queensland University of Technology', 'University of Queensland']",0
Edward D. Lazowska,"['Brown University', 'University of Toronto']",0
Joshua Lederberg,"['Columbia University Vagelos College of Physicians and Surgeons', 'Columbia College (New York)', 'Stuyvesant High School', 'Yale University']",0
Manny M Lehman,['Imperial College London'],2
Charles E. Leiserson,"['Carnegie Mellon University', 'Yale University']",0
Douglas Lenat,"['Stanford University School of Engineering', 'University of Pennsylvania']",1
Yann LeCun,"['ESIEE Paris', 'MS', 'Pierre and Marie Curie University', 'PhD']",3
Rasmus Lerdorf,['University of Waterloo'],0
Max Levchin,"['Grainger College of Engineering', 'Mather High School']",0
Leonid Levin,"['Moscow University', 'Massachusetts Institute of Technology']",1
Kevin Leyton-Brown,"['McMaster University', 'Stanford University']",0
J.C.R. Licklider,"['University of Rochester', 'Washington University in St. Louis']",0
David Liddle,"['University of Michigan', 'University of Toledo']",0
Jochen Liedtke,"['Bielefeld University', 'Technical University of Berlin']",0
Richard J. Lipton,['Carnegie Mellon'],1
Barbara Liskov,"['University of California Berkeley', 'Stanford University']",3
Yanhong Annie Liu,"['Cornell University', 'Tsinghua University', 'Peking University']",0
Darrell Long,"['San Diego State University', 'University of California San Diego']",2
Patricia D. Lopez,['New Mexico State University'],0
Gillian Lovegrove,"['Newnham College Cambridge', 'Cambridge University']",0
David Luckham,"['Ph.D.', 'MIT']",0
Eugene Luks,"['City College of New York', 'Massachusetts Institute of Technology School of Science']",0
Nancy Lynch,"['Brooklyn College', 'MIT']",7
Nadia Magnenat Thalmann,"['University of Geneva', 'École Polytechnique Fédérale de Lausanne']",0
Tom Maibaum,"['University of Toronto', 'Alumni of Queen Mary University of London', 'Alumni of Royal Holloway University of London']",1
Zohar Manna,['Carnegie Mellon University'],4
James Martin ,['University of Oxford'],1
John Mashey,['Pennsylvania State University'],0
Yuri Matiyasevich,['Leningrad State University'],2
Yukihiro Matsumoto,"['University of Tsukuba', 'Shimane University']",0
John Mauchly,['Johns Hopkins University'],3
Ujjwal Maulik,"['Nabadwip Bakultala High School', 'Calcutta University', 'Jadavpur University']",0
Derek McAuley,['University of Cambridge'],1
John McCarthy ,"['Princeton University', 'California Institute of Technology']",6
Andrew McCallum,"['Dartmouth College', 'University of Rochester']",0
Douglas McIlroy,"['Cornell University', 'Massachusetts Institute of Technology']",0
Marshall Kirk McKusick,"['Cornell University College of Engineering', 'University of California Berkeley']",0
Lambert Meertens,['University of Amsterdam'],1
Kurt Mehlhorn,['Cornell University'],4
Dora Metcalf,['Alumni of the University of London'],0
Bertrand Meyer,"['Université de Nancy', 'Stanford University', 'École Polytechnique']",0
Silvio Micali,"['La Sapienza University of Rome', 'UC Berkeley']",3
Robin Milner,"[""Alumni of King's College Cambridge""]",4
Jack Minker,"['Brooklyn College', 'University of Wisconsin', 'University of Pennsylvania']",3
Marvin Minsky,"['Ethical Culture Fieldston School', 'Harvard College', 'Phillips Academy', 'Princeton University', 'The Bronx High School of Science']",6
James G. Mitchell,"['University of Waterloo', 'Carnegie Mellon University']",1
Tom M. Mitchell,"['Stanford University', 'Massachusetts Institute of Technology']",2
Arvind ,"['IIT Kanpur', 'University of Minnesota College of Science and Engineering']",0
Paul Mockapetris,"['Massachusetts Institute of Technology', 'University of California at Irvine']",4
Cleve Moler,"['California Institute of Technology', 'Stanford University']",2
Faron Moller,"['University of British Columbia', 'University of Waterloo', 'University of Edinburgh']",0
Charles H. Moore,['Massachusetts Institute of Technology'],0
Edward F. Moore,"['Virginia Tech', 'Brown University']",0
Gordon Moore,"['California Institute of Technology', 'San Jose State University', 'UC Berkeley College of Chemistry', 'Berkeley Student Cooperative', 'Sequoia High School (Redwood City California)']",9
J Strother Moore,"['Massachusetts Institute of Technology School of Science', 'Alumni of the University of Edinburgh']",0
Roger Moore ,['Stanford University'],2
Hans Moravec,"['Acadia University', 'University of Western Ontario', 'Stanford University']",0
Carroll Morgan ,['University of Sydney'],0
Robert Tappan Morris,"['Cornell University', 'Delbarton School', 'Harvard John A. Paulson School of Engineering and Applied Sciences']",0
Joel Moses,"['Columbia College (New York)', 'Midwood High School', 'Columbia Graduate School of Arts and Sciences']",0
Rajeev Motwani,"['IIT Kanpur', 'B.Tech', 'C.S.', 'UC Berkeley', 'Ph.D.', 'C.S.']",1
Oleg A. Mukhanov,"['Moscow Engineering Physics Institute', 'Moscow State University']",0
Stephen Muggleton,['University of Edinburgh'],4
Klaus-Robert Müller,"['University of Karlsruhe', 'Diplom', 'University of Karlsruhe']",1
Alan Mycroft,"['University of Cambridge', 'University of Edinburgh']",0
Brad A. Myers,"['University of Toronto', 'Massachusetts Institute of Technology']",4
Mihai Nadin,['Politehnica University of Bucharest'],0
Makoto Nagao,['Kyoto University'],3
Frieder Nake,['University of Stuttgart'],0
Roger Needham,['University of Cambridge'],1
James G. Nell,"['Drexel University', 'Bowling Green State University']",0
Greg Nelson ,"['Harvard University', 'Stanford University School of Engineering']",1
John von Neumann,"['ETH Zurich', 'Fasori Gimnázium']",0
Allen Newell,"['Stanford University', 'Princeton University', 'Carnegie Mellon University']",5
Max Newman,"[""St John's College Cambridge""]",3
Andrew Ng,"['University of California Berkeley', 'Massachusetts Institute of Technology', 'Carnegie Mellon University']",9
Nils John Nilsson,['Stanford University'],0
G.M. Nijssen,['Eindhoven University of Technology'],0
Tobias Nipkow,['Technische Universität Darmstadt'],0
Maurice Nivat,['Joseph Fourier University'],7
Phiwa Nkambule,['University of Pretoria'],3
Jerre Noe,"['UC Berkeley', 'Stanford University']",0
Peter Nordin,"['University of Dortmund', 'Chalmers University of Technology', 'Göteborg University']",0
Donald Norman,"['MIT', 'University of Pennsylvania']",0
Peter Norvig,"['Brown University', 'University of California Berkeley']",2
George Novacky,['University of Pittsburgh'],0
Kristen Nygaard,"['University of Oslo', 'Waldorf school']",4
Martin Odersky,"['Ludwig Maximilian University of Munich', 'ETH Zurich']",0
Peter O'Hearn,"['Dalhousie University', ""Queen's University""]",6
T. William Olle,['Alumni of the University of Manchester'],0
Steve Omohundro,['Stanford University'],0
John O'Sullivan ,['University of Sydney'],2
John Ousterhout,"['Carnegie Mellon University', 'Yale University']",2
Mark Overmars,['Utrecht University'],0
Susan Owicki,['Cornell University'],0
Larry Page,"['Stanford University School of Engineering', 'University of Michigan College of Engineering']",0
Sankar Pal,"['Rajabazar Science College', 'University of Calcutta', 'Indian Statistical Institute', 'Imperial College London']",1
Paritosh Pandya,"['Maharaja Sayajirao University of Baroda', 'IIT Kanpur', 'University of Mumbai', 'Tata Institute of Fundamental Research']",0
Christos Papadimitriou,"['National Technical University of Athens', 'Princeton University']",5
David Park ,['Massachusetts Institute of Technology'],0
David Parnas,['Carnegie Mellon University College of Engineering'],0
DJ Patil,"['University of California San Diego', 'University of Maryland College Park', 'De Anza College']",0
Yale Patt,"['Northeastern University', 'Stanford University']",0
David Patterson ,['University of California Los Angeles'],6
Mihai Pătrașcu ,['Massachusetts Institute of Technology'],0
Lawrence Paulson,"['California Institute of Technology', 'Stanford University']",1
Randy Pausch,"['Brown University', 'Carnegie Mellon University']",4
Juan Pavón,"['Technical University of Madrid', 'Université Pierre et Marie Curie']",0
Judea Pearl,"['Technion – Israel Institute of Technology', 'New Jersey Institute of Technology', 'Rutgers University', 'New York University Tandon School of Engineering']",5
Alan Perlis,"['Chemistry', 'Carnegie Mellon', 'MIT']",2
Radia Perlman,['MIT'],0
Pier Giorgio Perotto,['Polytechnic University of Turin'],0
Rózsa Péter,['Eötvös Loránd University'],0
Simon Peyton Jones,['University of Cambridge'],1
Kathy Pham,['Georgia Tech'],0
Keshav K Pingali,"['IIT Kanpur', 'MIT']",3
Gordon Plotkin,"['University of Glasgow', 'University of Edinburgh']",3
Amir Pnueli,['Technion – Israel Institute of Technology'],2
Willem van der Poel,"['Delft University of Technology', 'University of Amsterdam']",1
Cicely Popplewell,['University of Cambridge'],0
Emil Post,"['City College of New York', 'Columbia University']",0
Jon Postel,['UCLA'],0
Franco Preparata,['University of Rome'],1
William H. Press,"['Harvard University', 'California Institute of Technology']",0
Rapelang Rabana,"['University of Cape Town', 'Alumni of Roedean School South Africa']",0
Grzegorz Rozenberg,['Polish Academy of Sciences'],0
Michael O. Rabin,"['Hebrew University of Jerusalem', 'MSc', 'University of Pennsylvania', 'Princeton University', 'PhD']",10
Dragomir R. Radev,['Columbia School of Engineering and Applied Science'],0
T. V. Raman,"['Cornell University', 'IIT Bombay']",1
Brian Randell,['Imperial College London'],0
Anders P. Ravn,"['University of Copenhagen', 'Technical University of Denmark']",1
Raj Reddy,"['University of Madras', 'BE', 'University of New South Wales', 'MTech', 'Stanford University', 'PhD']",4
David P. Reed,['MIT'],0
John C. Reynolds,"['Harvard University', 'Purdue University']",1
Joyce K. Reynolds,['University of Southern California'],0
Reinder van de Riet,['University of Amsterdam'],0
Bernard Richards,['Alumni of the University of Manchester'],0
Martin Richards ,['University of Cambridge'],0
C. J. van Rijsbergen,"['University of Western Australia', 'University of Cambridge']",0
Dennis Ritchie,"['Harvard University', 'BS']",8
Ron Rivest,"['Stanford University', 'Yale University']",5
Ken Robinson ,['University of Sydney'],1
Colette Rolland,['Nancy-Université'],0
Douglas T. Ross,"['Oberlin College', 'MIT School of Engineering']",2
Guido van Rossum,['University of Amsterdam'],1
Rudy Rucker,"['Rutgers University', 'Swarthmore College']",0
Jeff Rulifson,"['University of Washington', 'Stanford University']",0
James Rumbaugh,"['Massachusetts Institute of Technology School of Science', 'California Institute of Technology', 'Massachusetts Institute of Technology']",0
Peter Ružička,['Comenius University'],0
George Sadowsky,['Harvard University'],0
Mehrnoosh Sadrzadeh,"['Université du Québec à Montréal', 'Sharif University of Technology']",0
Umar Saif,"['Aitchison College', 'Alumni of Trinity College Cambridge', 'Lahore University of Management Sciences']",0
Gerard Salton,"['Harvard John A. Paulson School of Engineering and Applied Sciences', 'Brooklyn College']",0
Jean E. Sammet,"['Mount Holyoke College', 'B.A.', 'University of Illinois at Urbana Champaign', 'M.A.', 'Columbia University']",2
Carl Sassenrath,['University of California Davis'],0
Mahadev Satyanarayanan,"['Carnegie Mellon University (Ph.D.)', 'IIT Madras (M.Tech. B.Tech.)']",5
Walter Savitch,['University of California Berkeley'],0
Jonathan Schaeffer,"['University of Waterloo', 'University of Toronto']",2
Jürgen Schmidhuber,['Technical University of Munich'],0
Steve Schneider ,['University of Oxford'],0
Bruce Schneier,"['American University', 'University of Rochester']",0
Fred B. Schneider,['Stony Brook University'],1
Sarita Schoenebeck,"['Georgia Institute of Technology', 'University of California Berkeley', 'Dartmouth College']",0
Bernhard Schölkopf,"['University of London', 'University of Tübingen', 'TU Berlin']",5
Dana Scott,"['Princeton University', 'UC Berkeley College of Letters and Science']",6
Michael L. Scott,['University of Wisconsin–Madison'],0
Robert Sedgewick ,['Brown University'],2
Ravi Sethi,"['Indian Institute of Technology Kanpur', 'Princeton University']",0
Nigel Shadbolt,"['Newcastle University', 'University of Edinburgh']",1
Adi Shamir,"['Tel Aviv University', 'Weizmann Institute of Science']",6
Claude Shannon,"['University of Michigan', 'AB', 'BS', 'Massachusetts Institute of Technology', 'MS', 'PhD']",10
David E. Shaw,"['Columbia School of Engineering and Applied Science', 'Stanford University', 'University of California San Diego']",0
Scott Shenker,"['Brown University', 'University of Chicago']",5
Ben Shneiderman,"['City College of New York', 'Stony Brook University']",1
Edward H. Shortliffe,"['Harvard John A. Paulson School of Engineering and Applied Sciences', 'Stanford University School of Medicine']",0
Daniel Siewiorek,"['Stanford University', 'University of Michigan College of Engineering']",2
Joseph Sifakis,"['National Technical University of Athens', 'University of Grenoble']",2
Herbert A. Simon,['University of Chicago'],10
Munindar P. Singh,"['University of Texas at Austin', 'Indian Institute of Technology Delhi']",6
Ramesh Sitaraman,"['Indian Institute of Technology Madras', 'Princeton University']",0
Daniel Sleator,"['University of Illinois at Urbana–Champaign', 'Stanford University']",1
Aaron Sloman,"['Alumni of Balliol College Oxford', ""Alumni of St Antony's College Oxford"", 'Alumni of the University of Edinburgh', 'University of Cape Town']",0
Arne Sølvberg,['Norwegian Institute of Technology'],0
Brian Cantwell Smith,['MIT'],0
David Canfield Smith,"['Oberlin College', 'Stanford University']",0
Steven Spewak,"['Case Western Reserve University', 'Ross School of Business']",0
Carol Spradling,['University of Nebraska - Lincoln'],0
Robert Sproull,"['Deep Springs College', 'Cornell University']",0
Rohini Kesavan Srihari,"['University of Waterloo', 'University at Buffalo']",0
Sargur Srihari,"['Bangalore University', 'Indian Institute of Science', 'Ohio State University']",2
Maciej Stachowiak,['MIT School of Engineering'],0
Richard Stallman,"['Harvard John A. Paulson School of Engineering and Applied Sciences', 'Massachusetts Institute of Technology School of Science']",5
Thad Starner,['Massachusetts Institute of Technology School of Science'],0
Richard E. Stearns,"['Carleton College', 'Princeton University']",3
"Guy L. Steele, Jr.","['MIT School of Engineering', 'Harvard John A. Paulson School of Engineering and Applied Sciences']",2
Thomas Sterling ,"['Old Dominion University', 'Massachusetts Institute of Technology']",6
W. Richard Stevens,"['University of Michigan', 'University of Arizona']",0
Larry Stockmeyer,"['MIT School of Engineering', 'Massachusetts Institute of Technology School of Science']",0
Salvatore Stolfo,"['Courant Institute of Mathematical Sciences', 'Brooklyn College']",0
Michael Stonebraker,"['Princeton University', 'University of Michigan']",2
Christopher Strachey,['University of Cambridge'],0
Volker Strassen,['University of Göttingen'],0
Bjarne Stroustrup,"['Aarhus University', 'Cand.scient.', 'University of Cambridge', 'PhD']",11
Madhu Sudan,"['IIT Delhi', 'University of California Berkeley']",1
Gerald Jay Sussman,['Massachusetts Institute of Technology School of Science'],2
Bert Sutherland,"['RPI', 'MIT']",1
Ivan Sutherland,"['MIT', 'Caltech', 'Carnegie Institute of Technology']",8
Latanya Sweeney,"['Harvard Extension School', 'Harvard University', 'MIT School of Engineering']",0
Mario Szegedy,['University of Chicago'],1
Parisa Tabriz,['Grainger College of Engineering'],0
Roberto Tamassia,['University of Illinois Urbana-Champaign'],0
Andrew S. Tanenbaum,"['Massachusetts Institute of Technology', 'University of California Berkeley']",0
Austin Tate,"['Lancaster University', 'University of Edinburgh']",1
Bernhard Thalheim,"['Dresden University of Technology', 'Lomonosov Moscow State University']",2
Éva Tardos,['Eötvös Loránd University'],5
Gábor Tardos,['Eötvös Loránd University'],4
Robert Tarjan,"['California Institute of Technology', 'BS', 'Stanford University', 'MS', 'PhD']",3
Mario Tchou,['Polytechnic Institute of New York University'],0
Jaime Teevan,"['Yale University', 'MIT School of Engineering']",5
Shang-Hua Teng,"['Shanghai Jiao Tong University', 'University of Southern California', 'Carnegie Mellon']",2
Larry Tesler,['Stanford University'],0
Avie Tevanian,"['Carnegie Mellon University', 'University of Rochester']",0
Charles P. Thacker,['University of California Berkeley'],4
Daniel Thalmann,['University of Geneva'],1
Ken Thompson ,['University of California Berkeley'],9
Sebastian Thrun,"['University of Bonn', 'University of Hildesheim']",3
Walter F. Tichy,"['Technische Universität München', 'Carnegie Mellon University']",0
Linus Torvalds,['University of Helsinki'],0
Leonardo Torres Quevedo,['Polytechnic University of Madrid'],7
Godfried Toussaint,"['University of Tulsa', 'University of British Columbia']",0
Gloria Townsend,['Indiana University'],1
Joseph F Traub,"['City College of New York (B.S. 1954)', 'Columbia University (Ph.D. Applied Mathematics 1959)']",0
John V. Tucker,"['Alumni of the University of Warwick', 'Alumni of the University of Bristol']",0
John Tukey,"['Brown University', 'Princeton University']",7
Alan Turing,"['University of Cambridge', 'BA', 'MA', 'Princeton University']",1
David Turner ,['Alumni of Brasenose College Oxford'],0
Murray Turoff,"['University of California - Berkeley', 'Brandeis University']",1
Jeffrey D. Ullman,"['Columbia University', 'Princeton University']",3
Leslie Valiant,"['University of Cambridge', 'Imperial College London', 'University of Warwick']",6
Vladimir Vapnik,"['Institute of Control Sciences Russian Academy of Sciences', 'Uzbek State University']",11
Moshe Vardi,"['Bar-Ilan University', 'Weizmann Institute of Science', 'Hebrew University of Jerusalem']",7
Dorothy Vaughan,['Wilberforce University'],0
Umesh Vazirani,"['MIT', 'University of California Berkeley']",1
Manuela M. Veloso,"['Instituto Superior Técnico', 'University of Lisbon', 'Boston University', 'Carnegie Mellon University']",3
Richard Veryard,"['Alumni of Merton College Oxford', 'Alumni of the Department of Computing Imperial College London']",0
Sergiy Vilkomir,"['Kharkov State University', 'Kharkov Polytechnic Institute']",2
Paul Vitanyi,"['Delft University of Technology', 'Free University of Amsterdam']",0
Andrew Viterbi,"['MIT School of Engineering', 'University of Southern California', 'Boston Latin School']",8
Jeffrey Scott Vitter,"['University of Notre Dame', 'Stanford University School of Engineering', 'Fuqua School of Business']",0
Paul Vixie,['Keio University'],0
David A. Wagner,"['Princeton University', 'UC Berkeley College of Engineering']",0
David Waltz,['Massachusetts Institute of Technology'],2
James Z. Wang,"['Stanford University', 'M.S.', 'M.S.', 'Ph.D.', 'University of Minnesota', 'B.S.']",0
Manfred K. Warmuth,['University of Colorado Boulder'],1
David H. D. Warren,['University of Edinburgh'],0
Kevin Warwick,"['Aston University', 'Imperial College London']",4
Jan Weglarz,['Poznań University of Technology'],0
Philip Wadler,"['Stanford University', 'Carnegie Mellon University']",4
Joseph Henry Wegstein,['University of Illinois'],0
Peter J. Weinberger,['University of California Berkeley'],0
Mark Weiser,['University of Michigan'],0
Joseph Weizenbaum,['Wayne State University'],0
David Wheeler ,['Alumni of Trinity College Cambridge'],2
Franklin H. Westervelt,['University of Michigan College of Engineering'],0
Steve Whittaker,"['Alumni of the University of Cambridge', 'Alumni of the University of St Andrews']",3
Jennifer Widom,"['Cornell University', 'Indiana University Jacobs School of Music']",6
Gio Wiederhold,['University of California San Francisco'],3
Norbert Wiener,"['Cornell University', 'Harvard Graduate School of Arts and Sciences', 'Tufts University School of Arts and Sciences']",2
Adriaan van Wijngaarden,['Delft University of Technology'],1
Mary Allen Wilkes,"['Wellesley College', 'Harvard Law School']",0
Maurice Vincent Wilkes,['University of Cambridge'],5
Yorick Wilks,['University of Cambridge'],0
James H. Wilkinson,['Trinity College Cambridge'],3
Sophie Wilson,['Alumni of Selwyn College Cambridge'],6
Shmuel Winograd,"['New York University', 'Massachusetts Institute of Technology']",0
Terry Winograd,"['Colorado College', 'Massachusetts Institute of Technology']",1
Patrick Winston,['MIT'],1
Niklaus Wirth,"['ETH Zurich', 'Université Laval', 'UC Berkeley College of Engineering']",5
Neil Wiseman,"['University of Cambridge', 'University of Illinois', 'Queen Mary College']",0
Dennis E. Wisnosky,"['University of Dayton', 'Swanson School of Engineering']",0
Stephen Wolfram,"[""St. John's College Oxford"", 'California Institute of Technology']",1
Mike Woodger,['University College London'],0
Philip Woodward,['Oxford University'],3
Beatrice Helen Worsley,"['University of Toronto', 'Massachusetts Institute of Technology', 'University of Cambridge']",0
Steve Wozniak,"['De Anza College', 'UC Berkeley College of Engineering', 'University of Colorado Boulder', 'Homestead High School (California)']",0
William Wulf,"['University of Illinois', 'University of Virginia School of Engineering and Applied Science']",0
Mihalis Yannakakis,"['National Technical University of Athens', 'Princeton University']",1
Andrew Chi-Chih Yao,"['National Taiwan University', 'Harvard University', 'University of Illinois at Urbana–Champaign']",4
John Yen,"['University of California Berkeley', 'Santa Clara University', 'National Taiwan University', 'National Hsinchu Senior High School']",3
Nobuo Yoneda,['University of Tokyo'],0
Edward Yourdon,['Massachusetts Institute of Technology'],0
Moti Yung,['Columbia University'],6
Lotfi Zadeh,"['University of Tehran', 'Massachusetts Institute of Technology', 'Columbia University']",12
Hans Zantema,['University of Groningen'],0
Arif Zaman,"['Stanford University', 'Harvey Mudd College', 'Claremont Graduate University']",0
Stanley Zdonik,['Massachusetts Institute of Technology'],0
Hussein Zedan,['University of Bristol'],0
Shlomo Zilberstein,"['University of California Berkeley', 'Technion – Israel Institute of Technology']",0
Jill Zimmerman,"['Purdue University', 'University of Minnesota']",0
Konrad Zuse,['Technical University of Berlin'],6
